16/11/2009;11099177237
23/12/2009;11099177299
23/12/2009;11099177300
23/12/2009;11099177301
23/12/2009;11099177302
23/12/2009;11099177303
23/12/2009;11099177304
23/12/2009;11099177305
23/12/2009;11099177312
23/12/2009;11099177313
23/12/2009;11099177314
07/02/2010;11099177315
07/02/2010;11099177316
08/02/2010;11099177317
08/02/2010;11099177318
08/02/2010;11099177319
08/02/2010;11099177320
08/02/2010;11099177321
08/02/2010;11099177328
08/02/2010;11099177329
08/02/2010;11099177330
08/02/2010;11099177331
08/02/2010;11099177332
08/02/2010;11099177333
08/02/2010;11099177334
09/02/2010;11099177335
09/02/2010;11099177336
11/02/2010;11099177337
11/02/2010;11099177344
11/02/2010;11099177345
24/02/2010;11099177346
24/02/2010;11099177347
24/02/2010;11099177348
10/02/2010;11099177349
26/02/2010;11099177349
10/02/2010;11099177350
26/02/2010;11099177350
26/02/2010;11099177351
26/02/2010;11099177352
26/02/2010;11099177353
26/02/2010;11099177360
26/02/2010;11099177361
26/02/2010;11099177362
16/11/2009;11099177363
16/11/2009;11099177364
07/02/2010;11099177365
07/02/2010;11099177366
26/02/2010;11099177367
26/02/2010;11099177368
07/02/2010;11099177369
07/02/2010;11099177472
08/12/2009;11099177473
08/12/2009;11099177474
08/12/2009;11099177475
08/12/2009;11099177476
08/12/2009;11099177477
08/12/2009;11099177478
08/12/2009;11099177479
08/12/2009;11099177480
08/12/2009;11099177481
08/12/2009;11099177488
08/12/2009;11099177489
08/12/2009;11099177490
08/12/2009;11099177491
08/12/2009;11099177492
08/12/2009;11099177493
08/12/2009;11099177494
08/12/2009;11099177495
08/12/2009;11099177496
08/12/2009;11099177497
08/12/2009;11099177504
08/12/2009;11099177505
08/12/2009;11099177506
08/12/2009;11099177507
08/12/2009;11099177508
08/12/2009;11099177509
08/12/2009;11099177510
08/12/2009;11099177511
08/12/2009;11099177512
08/12/2009;11099177513
08/12/2009;11099177520
08/12/2009;11099177521
08/12/2009;11099177522
08/12/2009;11099177523
08/12/2009;11099177524
08/12/2009;11099177525
08/12/2009;11099177526
08/12/2009;11099177527
08/12/2009;11099177528
08/12/2009;11099177529
08/12/2009;11099177536
08/12/2009;11099177537
08/12/2009;11099177538
08/12/2009;11099177539
08/12/2009;11099177540
08/12/2009;11099177541
08/12/2009;11099177542
08/12/2009;11099177543
08/12/2009;11099177544
08/12/2009;11099177545
08/12/2009;11099177552
08/12/2009;11099177553
08/12/2009;11099177554
08/12/2009;11099177555
08/12/2009;11099177556
08/12/2009;11099177557
08/12/2009;11099177558
08/12/2009;11099177559
08/12/2009;11099177560
08/12/2009;11099177561
08/12/2009;11099177568
23/12/2009;11099177569
23/12/2009;11099177570
23/12/2009;11099177571
23/12/2009;11099177572
23/12/2009;11099177573
23/12/2009;11099177574
23/12/2009;11099177575
23/12/2009;11099177576
23/12/2009;11099177577
23/12/2009;11099177584
23/12/2009;11099177585
23/12/2009;11099177586
23/12/2009;11099177587
23/12/2009;11099177588
23/12/2009;11099177589
23/12/2009;11099177590
23/12/2009;11099177591
23/12/2009;11099177592
23/12/2009;11099177593
23/12/2009;11099177600
23/12/2009;11099177601
23/12/2009;11099177602
23/12/2009;11099177603
23/12/2009;11099177604
23/12/2009;11099177605
23/12/2009;11099177606
23/12/2009;11099177607
23/12/2009;11099177608
23/12/2009;11099177609
23/12/2009;11099177616
23/12/2009;11099177617
23/12/2009;11099177618
23/12/2009;11099177619
23/12/2009;11099177620
23/12/2009;11099177621
23/12/2009;11099177622
23/12/2009;11099177623
23/12/2009;11099177624
23/12/2009;11099177625
23/12/2009;11099177728
25/01/2010;11099177729
25/01/2010;11099177730
25/01/2010;11099177731
25/01/2010;11099177732
25/01/2010;11099177733
25/01/2010;11099177734
25/01/2010;11099177735
25/01/2010;11099177736
25/01/2010;11099177737
25/01/2010;11099177744
25/01/2010;11099177745
25/01/2010;11099177746
25/01/2010;11099177747
25/01/2010;11099177748
25/01/2010;11099177749
25/01/2010;11099177750
25/01/2010;11099177751
25/01/2010;11099177752
25/01/2010;11099177753
25/01/2010;11099177760
25/01/2010;11099177761
25/01/2010;11099177762
25/01/2010;11099177763
25/01/2010;11099177764
25/01/2010;11099177765
25/01/2010;11099177766
25/01/2010;11099177767
25/01/2010;11099177768
06/02/2010;11099177768
25/01/2010;11099177769
25/01/2010;11099177776
25/01/2010;11099177777
25/01/2010;11099177778
25/01/2010;11099177779
25/01/2010;11099177780
25/01/2010;11099177781
25/01/2010;11099177782
25/01/2010;11099177783
25/01/2010;11099177784
25/01/2010;11099177785
25/01/2010;11099177792
25/01/2010;11099177793
25/01/2010;11099177794
25/01/2010;11099177795
25/01/2010;11099177796
25/01/2010;11099177797
25/01/2010;11099177798
25/01/2010;11099177799
25/01/2010;11099177800
25/01/2010;11099177801
25/01/2010;11099177808
25/01/2010;11099177809
25/01/2010;11099177810
25/01/2010;11099177811
25/01/2010;11099177812
25/01/2010;11099177813
25/01/2010;11099177814
25/01/2010;11099177815
25/01/2010;11099177816
25/01/2010;11099177817
25/01/2010;11099177824
25/01/2010;11099177825
25/01/2010;11099177826
25/01/2010;11099177827
25/01/2010;11099177828
25/01/2010;11099177829
25/01/2010;11099177830
25/01/2010;11099177831
25/01/2010;11099177832
25/01/2010;11099177833
25/01/2010;11099177840
26/01/2010;11099177841
26/01/2010;11099177842
26/01/2010;11099177843
26/01/2010;11099177844
26/01/2010;11099177845
26/01/2010;11099177846
26/01/2010;11099177847
26/01/2010;11099177848
26/01/2010;11099177849
27/01/2010;11099177856
06/02/2010;11099177856
27/01/2010;11099177857
27/01/2010;11099177858
27/01/2010;11099177859
27/01/2010;11099177860
27/01/2010;11099177861
27/01/2010;11099177862
27/01/2010;11099177863
27/01/2010;11099177864
27/01/2010;11099177865
27/01/2010;11099177872
27/01/2010;11099177873
27/01/2010;11099177874
27/01/2010;11099177875
27/01/2010;11099177876
27/01/2010;11099177877
27/01/2010;11099177878
27/01/2010;11099177879
28/01/2010;11099177880
28/01/2010;11099177881
06/02/2010;11099177881
28/01/2010;11099177984
28/01/2010;11099177985
28/01/2010;11099177986
29/01/2010;11099177987
29/01/2010;11099177988
29/01/2010;11099177989
29/01/2010;11099177990
29/01/2010;11099177991
29/01/2010;11099177992
29/01/2010;11099177993
29/01/2010;11099178000
29/01/2010;11099178001
30/01/2010;11099178002
06/02/2010;11099178002
30/01/2010;11099178003
30/01/2010;11099178004
30/01/2010;11099178005
30/01/2010;11099178006
30/01/2010;11099178007
30/01/2010;11099178008
30/01/2010;11099178009
30/01/2010;11099178016
30/01/2010;11099178017
30/01/2010;11099178018
31/01/2010;11099178019
31/01/2010;11099178020
31/01/2010;11099178021
31/01/2010;11099178022
31/01/2010;11099178023
31/01/2010;11099178024
31/01/2010;11099178025
31/01/2010;11099178032
31/01/2010;11099178033
31/01/2010;11099178034
31/01/2010;11099178035
06/02/2010;11099178036
31/01/2010;11099178037
31/01/2010;11099178038
31/01/2010;11099178039
31/01/2010;11099178040
31/01/2010;11099178041
06/02/2010;11099178048
06/02/2010;11099178049
06/02/2010;11099178050
06/02/2010;11099178051
06/02/2010;11099178052
06/02/2010;11099178053
06/02/2010;11099178054
06/02/2010;11099178055
06/02/2010;11099178056
06/02/2010;11099178057
06/02/2010;11099178064
06/02/2010;11099178065
06/02/2010;11099178066
06/02/2010;11099178067
07/02/2010;11099178068
07/02/2010;11099178069
07/02/2010;11099178070
07/02/2010;11099178071
07/02/2010;11099178072
07/02/2010;11099178073
07/02/2010;11099178080
08/02/2010;11099178081
08/02/2010;11099178082
08/02/2010;11099178083
08/02/2010;11099178084
08/02/2010;11099178085
08/02/2010;11099178086
08/02/2010;11099178087
08/02/2010;11099178088
08/02/2010;11099178089
08/02/2010;11099178096
08/02/2010;11099178097
08/02/2010;11099178098
08/02/2010;11099178099
08/02/2010;11099178100
08/02/2010;11099178101
08/02/2010;11099178102
09/02/2010;11099178104
09/02/2010;11099178105
09/02/2010;11099178112
09/02/2010;11099178113
09/02/2010;11099178114
09/02/2010;11099178115
09/02/2010;11099178116
11/02/2010;11099178119
11/02/2010;11099178120
15/08/2010;11099178121
15/08/2010;11099178128
15/08/2010;11099178129
15/08/2010;11099178130
15/08/2010;11099178131
15/08/2010;11099178132
15/08/2010;11099178133
21/08/2010;11099178134
21/08/2010;11099178135
21/08/2010;11099178136
21/08/2010;11099178137
21/08/2010;11099178240
21/08/2010;11099178241
21/08/2010;11099178242
21/08/2010;11099178243
21/08/2010;11099178244
06/10/2010;11099178244
21/08/2010;11099178245
21/08/2010;11099178246
21/08/2010;11099178247
06/10/2010;11099178247
24/08/2010;11099178248
24/08/2010;11099178249
29/08/2010;11099178256
29/08/2010;11099178257
02/09/2010;11099178258
02/09/2010;11099178259
01/09/2010;11099178260
02/09/2010;11099178261
07/10/2010;11099178262
07/10/2010;11099178263
07/10/2010;11099178264
08/10/2010;11099178265
08/10/2010;11099178272
09/10/2010;11099178273
10/10/2010;11099178274
11/10/2010;11099178275
11/10/2010;11099178276
11/10/2010;11099178277
11/10/2010;11099178278
11/10/2010;11099178279
11/10/2010;11099178280
11/10/2010;11099178281
11/10/2010;11099178288
11/10/2010;11099178289
11/10/2010;11099178290
11/10/2010;11099178291
11/10/2010;11099178292
11/10/2010;11099178293
11/10/2010;11099178294
11/10/2010;11099178295
11/10/2010;11099178296
11/10/2010;11099178297
11/10/2010;11099178304
11/10/2010;11099178305
11/10/2010;11099178306
11/10/2010;11099178307
12/10/2010;11099178308
12/10/2010;11099178309
12/10/2010;11099178310
12/10/2010;11099178311
12/10/2010;11099178312
12/10/2010;11099178313
12/10/2010;11099178320
12/10/2010;11099178321
12/10/2010;11099178322
04/11/2010;11099178323
04/11/2010;11099178324
03/11/2010;11099181721
03/11/2010;11099181824
08/11/2010;11099178325
08/11/2010;11099178326
08/11/2010;11099178327
08/11/2010;11099178328
09/11/2010;11099178329
09/11/2010;11099178336
09/11/2010;11099178337
09/11/2010;11099178338
09/11/2010;11099178339
09/11/2010;11099178340
09/11/2010;11099178341
09/11/2010;11099178342
09/11/2010;11099178343
09/11/2010;11099178344
09/11/2010;11099178345
09/11/2010;11099178352
09/11/2010;11099178353
09/11/2010;11099178354
09/11/2010;11099178355
09/11/2010;11099178356
09/11/2010;11099178357
09/11/2010;11099178358
09/11/2010;11099178359
09/11/2010;11099178360
09/11/2010;11099178361
09/11/2010;11099178368
09/11/2010;11099178369
09/11/2010;11099178370
26/02/2010;11099181057
26/02/2010;11099181058
26/02/2010;11099181059
26/02/2010;11099181060
26/02/2010;11099181061
26/02/2010;11099181062
26/02/2010;11099181063
26/02/2010;11099181064
26/02/2010;11099181065
26/02/2010;11099181072
26/02/2010;11099181073
26/02/2010;11099181074
26/02/2010;11099181075
26/02/2010;11099181076
08/06/2010;11099181078
08/06/2010;11099181079
08/06/2010;11099181080
08/06/2010;11099181081
26/02/2010;11099181207
26/02/2010;11099181208
26/02/2010;11099181209
26/02/2010;11099181312
24/08/2010;11099181569
24/08/2010;11099181570
29/08/2010;11099181571
29/08/2010;11099181572
06/10/2010;11099181573
06/10/2010;11099181574
06/10/2010;11099181575
06/10/2010;11099181576
06/10/2010;11099181577
06/10/2010;11099181584
06/10/2010;11099181585
06/10/2010;11099181586
06/10/2010;11099181587
07/10/2010;11099181588
07/10/2010;11099181589
07/10/2010;11099181590
07/10/2010;11099181591
07/10/2010;11099181592
07/10/2010;11099181593
07/10/2010;11099181600
07/10/2010;11099181601
07/10/2010;11099181602
07/10/2010;11099181603
07/10/2010;11099181604
07/10/2010;11099181605
07/10/2010;11099181606
07/10/2010;11099181607
07/10/2010;11099181608
07/10/2010;11099181609
08/10/2010;11099181616
08/10/2010;11099181617
08/10/2010;11099181618
08/10/2010;11099181619
08/10/2010;11099181620
08/10/2010;11099181621
08/10/2010;11099181622
10/10/2010;11099181623
10/10/2010;11099181624
10/10/2010;11099181625
10/10/2010;11099181632
09/10/2010;11099181633
10/10/2010;11099181634
11/10/2010;11099181635
12/10/2010;11099181636
12/10/2010;11099181637
